,Dur,Proto,SrcPkts,DstPkts,SrcBytes,DstBytes,SrcLoad,DstLoad,SrcLoss,DstLoss,sMeanPktSz,dMeanPktSz,sTtl,dTtl,sHops,dHops,sVid,Offset,Max,Min
Benign (false positives) (n=4807),0.07474674,0.1291401,0.018099261,0.0053328415,0.0072559025,0.0039668414,0.00047159637,3.0792624e-08,0.009805475,0.0021905676,0.09945835,0.12725797,0.112477966,0.04387335,0.07033852,0.039189756,0.0008648289,0.105336554,0.07527238,0.07492022
HTTPFlood (n=140805),0.037529238,0.12957096,0.000322881,5.422424e-05,2.8056782e-06,6.1129904e-05,0.0007072554,3.945536e-05,0.0060129934,0.014630599,0.15700486,0.07026198,0.010409663,0.21248902,0.015979763,0.20569651,3.6018514e-26,0.073471144,0.03250461,0.03323122
ICMPFlood (n=1155),5.152614e-07,0.048245724,0.009673589,1.9806535e-05,9.557627e-05,9.2675555e-06,2.3306868e-09,1.170892e-09,4.6608093e-06,1.6305139e-05,0.040259074,0.24159747,0.06360402,0.18850508,0.046620943,0.35940358,6.322237e-20,0.0019435779,5.1103456e-07,5.1482084e-07
SYNFlood (n=9696),0.00015363767,0.20257378,0.00015016152,4.77085e-06,3.019401e-07,2.0453871e-08,1.525493e-08,2.2897443e-12,0.0033597057,0.00023081736,0.087681405,0.03734938,0.0058213626,0.37041816,0.017009413,0.21618582,1.750842e-11,0.058758084,0.00014958481,0.0001517663
SYNScan (n=20042),4.9842845e-05,0.15719125,3.8210048e-05,1.1302855e-08,1.2219799e-07,7.1662987e-10,2.933759e-11,5.557427e-13,0.0012385218,1.5533066e-09,0.004257829,8.290291e-05,0.60925627,0.023230903,0.17487794,0.0006810502,6.331145e-23,0.02899907,4.988874e-05,5.051413e-05
SlowrateDoS (n=73124),0.016484333,0.16226172,0.0015788869,0.0001362991,5.9131858e-06,1.7629745e-07,0.00028891143,1.3629744e-07,0.0013812603,0.0011402359,0.036889717,0.060376506,0.07584866,0.16070797,0.024647392,0.41107014,3.8209233e-26,0.010874141,0.01864068,0.01765899
TCPConnectScan (n=19945),0.0001794895,0.9482098,0.00011739182,2.2849264e-08,3.4848102e-07,6.9671005e-11,5.7869826e-10,5.7414365e-13,0.008460048,3.0448472e-08,0.00033970518,7.755813e-05,0.023731867,0.0024303994,0.000558509,0.00089745905,6.721657e-22,0.0146480715,0.00016858535,0.00017976537
UDPFlood (n=53887),0.10248512,0.0127656795,0.0011500131,1.3216313e-11,1.0786908e-06,4.162886e-11,1.0290129e-12,6.7517454e-12,1.4890714e-11,1.30413085e-08,0.5373426,0.00024181133,0.011602987,0.034557983,0.029487066,4.244292e-12,4.7177643e-28,0.07364065,0.09519678,0.10151743
UDPScan (n=15906),0.00021496607,0.0261308,3.668591e-05,4.593552e-09,8.072273e-08,4.1008755e-10,6.2319133e-13,6.069463e-13,0.00031472964,3.331958e-09,0.0065848096,4.890611e-05,0.663349,0.023303986,0.25226822,0.00032089345,4.6678523e-22,0.026985252,0.0002241998,0.00021990745
