seed,attack_type,n,recall
42,HTTPFlood,140812,0.9999502883276994
42,ICMPFlood,1155,1.0
42,SYNFlood,9721,0.9974282481226211
42,SYNScan,20043,0.9999501072693708
42,SlowrateDoS,73124,1.0
42,TCPConnectScan,20052,0.9946638739277878
42,UDPFlood,457340,0.11782699960641974
42,UDPScan,15906,1.0
123,HTTPFlood,140812,0.9957105928472005
123,ICMPFlood,1155,1.0
123,SYNFlood,9721,1.0
123,SYNScan,20043,0.9999501072693708
123,SlowrateDoS,73124,0.8466303812701712
123,TCPConnectScan,20052,0.9983542788749252
123,UDPFlood,457340,0.31256614335068
123,UDPScan,15906,1.0
256,HTTPFlood,140812,0.008983609351475727
256,ICMPFlood,1155,0.9991341991341991
256,SYNFlood,9721,0.0
256,SYNScan,20043,0.4819138851469341
256,SlowrateDoS,73124,0.0003282096165417647
256,TCPConnectScan,20052,0.001296628765210453
256,UDPFlood,457340,0.0
256,UDPScan,15906,0.5291085125110021
789,HTTPFlood,140812,0.9999715933301139
789,ICMPFlood,1155,1.0
789,SYNFlood,9721,0.99341631519391
789,SYNScan,20043,0.9984533253504965
789,SlowrateDoS,73124,1.0
789,TCPConnectScan,20052,0.45800917614203074
789,UDPFlood,457340,0.5016027463156514
789,UDPScan,15906,1.0
1024,HTTPFlood,140812,0.9946311393915291
1024,ICMPFlood,1155,1.0
1024,SYNFlood,9721,0.6709186297705997
1024,SYNScan,20043,0.9538492241680387
1024,SlowrateDoS,73124,0.9448197582189158
1024,TCPConnectScan,20052,0.009126271693596649
1024,UDPFlood,457340,0.1680500284252416
1024,UDPScan,15906,0.9999371306425249
