attack_type,holdout_row,sec_per_flow,shap_top1,recon_top1,top1_agree,top3_overlap
HTTPFlood,192674,0.021353840827941895,sVid,Offset,0,0
HTTPFlood,668353,0.021353840827941895,dMeanPktSz,dTtl,0,2
HTTPFlood,743708,0.021353840827941895,sVid,dTtl,0,2
HTTPFlood,769630,0.021353840827941895,dMeanPktSz,dMeanPktSz,1,2
HTTPFlood,685622,0.021353840827941895,sVid,Offset,0,0
HTTPFlood,809132,0.021353840827941895,sVid,Offset,0,1
HTTPFlood,117348,0.021353840827941895,sVid,Proto,0,0
HTTPFlood,194814,0.021353840827941895,sVid,Offset,0,0
HTTPFlood,273538,0.021353840827941895,dMeanPktSz,Offset,0,1
HTTPFlood,400362,0.021353840827941895,sVid,Offset,0,0
ICMPFlood,266481,0.019527173042297362,sVid,sMeanPktSz,0,1
ICMPFlood,159434,0.019527173042297362,sVid,sMeanPktSz,0,1
ICMPFlood,19722,0.019527173042297362,sVid,sMeanPktSz,0,0
ICMPFlood,604645,0.019527173042297362,sVid,sMeanPktSz,0,0
ICMPFlood,419365,0.019527173042297362,sVid,sMeanPktSz,0,1
ICMPFlood,30608,0.019527173042297362,sVid,sMeanPktSz,0,0
ICMPFlood,516140,0.019527173042297362,sVid,sMeanPktSz,0,1
ICMPFlood,610315,0.019527173042297362,sVid,sMeanPktSz,0,1
ICMPFlood,768200,0.019527173042297362,sVid,sMeanPktSz,0,1
ICMPFlood,679912,0.019527173042297362,sVid,sMeanPktSz,0,1
SYNFlood,285577,0.018856239318847657,sVid,Proto,0,1
SYNFlood,726564,0.018856239318847657,sVid,Proto,0,1
SYNFlood,697580,0.018856239318847657,sVid,dTtl,0,2
SYNFlood,539245,0.018856239318847657,sVid,dTtl,0,0
SYNFlood,116180,0.018856239318847657,sVid,Proto,0,1
SYNFlood,804680,0.018856239318847657,sVid,Proto,0,2
SYNFlood,518414,0.018856239318847657,sTtl,SrcLoss,0,1
SYNFlood,55617,0.018856239318847657,sVid,Proto,0,1
SYNFlood,357820,0.018856239318847657,sVid,Proto,0,2
SYNFlood,183426,0.018856239318847657,sVid,dTtl,0,1
SYNScan,675490,0.018664979934692384,sVid,sTtl,0,1
SYNScan,464049,0.018664979934692384,sVid,SrcLoss,0,2
SYNScan,669489,0.018664979934692384,sVid,SrcLoss,0,1
SYNScan,104585,0.018664979934692384,sHops,sHops,1,1
SYNScan,637400,0.018664979934692384,sVid,sHops,0,2
SYNScan,715381,0.018664979934692384,sVid,sHops,0,2
SYNScan,649990,0.018664979934692384,sVid,sHops,0,2
SYNScan,241880,0.018664979934692384,sVid,sHops,0,2
SYNScan,489634,0.018664979934692384,sHops,sHops,1,1
SYNScan,105311,0.018664979934692384,sVid,sHops,0,2
SlowrateDoS,191513,0.01843836307525635,sVid,Proto,0,1
SlowrateDoS,305025,0.01843836307525635,sVid,Proto,0,1
SlowrateDoS,456608,0.01843836307525635,sVid,Proto,0,2
SlowrateDoS,527703,0.01843836307525635,sVid,Proto,0,1
SlowrateDoS,518796,0.01843836307525635,sVid,Proto,0,1
SlowrateDoS,799342,0.01843836307525635,sVid,Proto,0,1
SlowrateDoS,68445,0.01843836307525635,sVid,Proto,0,2
SlowrateDoS,589875,0.01843836307525635,sVid,Proto,0,0
SlowrateDoS,21713,0.01843836307525635,sVid,Proto,0,1
SlowrateDoS,491436,0.01843836307525635,sVid,Proto,0,2
TCPConnectScan,84585,0.018778347969055177,sTtl,SrcLoss,0,1
TCPConnectScan,93801,0.018778347969055177,sTtl,SrcLoss,0,1
TCPConnectScan,8184,0.018778347969055177,sTtl,SrcLoss,0,1
TCPConnectScan,688350,0.018778347969055177,sTtl,SrcLoss,0,1
TCPConnectScan,301979,0.018778347969055177,sTtl,SrcLoss,0,1
TCPConnectScan,344225,0.018778347969055177,sTtl,SrcLoss,0,1
TCPConnectScan,713973,0.018778347969055177,sTtl,SrcLoss,0,1
TCPConnectScan,655831,0.018778347969055177,sTtl,SrcLoss,0,1
TCPConnectScan,496485,0.018778347969055177,sTtl,SrcLoss,0,1
TCPConnectScan,682334,0.018778347969055177,sTtl,SrcLoss,0,1
UDPFlood,654690,0.01848781108856201,sVid,Offset,0,2
UDPFlood,317161,0.01848781108856201,sTtl,SrcLoss,0,0
UDPFlood,786654,0.01848781108856201,sTtl,Offset,0,2
UDPFlood,359256,0.01848781108856201,sTtl,Offset,0,2
UDPFlood,49141,0.01848781108856201,sVid,SrcLoss,0,1
UDPFlood,339812,0.01848781108856201,sTtl,SrcLoss,0,0
UDPFlood,397160,0.01848781108856201,sVid,Offset,0,1
UDPFlood,30716,0.01848781108856201,sTtl,Offset,0,0
UDPFlood,104806,0.01848781108856201,sTtl,Offset,0,2
UDPFlood,720510,0.01848781108856201,sVid,SrcLoss,0,0
UDPScan,718848,0.01858828067779541,sTtl,sHops,0,2
UDPScan,534391,0.01858828067779541,sVid,Offset,0,1
UDPScan,142156,0.01858828067779541,sTtl,sHops,0,2
UDPScan,232692,0.01858828067779541,sHops,sHops,1,2
UDPScan,429734,0.01858828067779541,sVid,sHops,0,2
UDPScan,820666,0.01858828067779541,sTtl,Offset,0,1
UDPScan,428868,0.01858828067779541,sVid,sHops,0,2
UDPScan,294907,0.01858828067779541,sHops,sHops,1,2
UDPScan,532658,0.01858828067779541,sTtl,sHops,0,2
UDPScan,734070,0.01858828067779541,sTtl,Offset,0,1
